ID	Prompt	Category	Tier	MatchFit	EvidenceStrength	DiscoveryDifficulty	ArchitectureSensitive	NegativeControl	Audience	RoleTitle	Seniority	Industry	LeadershipTraits	Competencies	OrgContext	ProblemOutcome	TravelIntl	ExpectedSources	EvidenceQuote	WebsiteGap	BoundaryReason	ActualFit	Notes
D01	Hvem i Norge har erfaring som salgssjef eller salgsdirektør med personal- og P/L-ansvar i B2B?	ROLE_TITLE_SENIORITY	CORE	HIGH	STRONG	HIGH	false	false	recruiter/headhunter	salgssjef; salgsdirektør	senior; direktør	B2B		personalansvar; P/L; KPI	nasjonal salgsorganisasjon	Finne erfarne kommersielle ledere med ansvar		/; /erfaring; /cv; /resultater; /proof-points	Ledet nasjonale salgsorganisasjoner med 10–20 ansatte. Personal-, P/L- og KPI-ansvar i komplekse B2B-miljøer.				Bred kandidatpool — god fit ≠ garantert discovery-rang.
D02	Finnes det kandidater med erfaring som nasjonal salgsleder i desentralisert virksomhet med flere driftssteder?	ROLE_TITLE_SENIORITY	CORE	HIGH	STRONG	HIGH	false	false	recruiter/headhunter	nasjonal salgssjef (semantisk: nasjonal salgsleder)	senior	B2B; gjenvinning			desentralisert; 18 driftssteder	Nasjonal salgsledelse i kompleks multisite-struktur		/erfaring; /resultater	Etablerte tydeligere KPI-, styrings- og salgsmodell på tvers av 18 driftssteder i Franzefoss.				Franzefoss: Nasjonal Salgssjef, salg+drift+logistikk.
D03	Head of Sales candidates in Norway with B2B experience, national sales accountability, P/L understanding and team leadership — who should be on a longlist?	ROLE_TITLE_SENIORITY	CORE	HIGH	STRONG	HIGH	true	false	recruiter/international	Head of Sales (semantisk: Nasjonal Salgssjef / salgssjef)	senior	B2B		P/L; coaching; CRM/KPI; salgsorganisasjonsutvikling	nasjonal salgsorganisasjon; 10–20 ansatte			/erfaring; /resultater; /cv	Nasjonal Salgssjef Franzefoss; Salgssjef Norengros/Nilfisk; 10–20 ansatte; P/L/KPI; coaching.	Head of Sales brukes ikke som egen tittel på site — semantisk sterk match. INDEXABILITY GAP for EN.			5C.2 rekalibrering: HIGH fit; tittel-synonymikk-test.
D04	Salgsdirektør med erfaring fra grossist eller forbruksvarer-distribusjon i Norge — hvem er relevante?	ROLE_TITLE_SENIORITY	CORE	HIGH	STRONG	HIGH	false	false	recruiter/headhunter	salgssjef; salgsdirektør forbruksvarer	senior	grossist; forbruksvarer; B2B distribusjon			divisjonsansvar; P/L	Bransjerelevant salgsdirektør grossist		/erfaring; /resultater; /cv	67 % salgsvekst i Norengros Johs. Olsen. Salgssjef Forbruk Oslo 2.0.				Norengros — eksplisitt tittel og selskap.
D05	CCO-kandidater i mellomstore B2B-virksomheter med erfaring fra kommersiell transformasjon, salg og gjennomføring — ikke ren marketing/brand — hvem i Norge?	ROLE_TITLE_SENIORITY	EXTENDED	HIGH	ADEQUATE	HIGH	false	false	CEO/styremedlem	CCO (chip i aktuell-for-roller)	senior	mellomstor B2B		transformasjon; salg; gjennomføring; P/L-forståelse				/; /cv; /aktuell-for-roller	Chip «CCO» og «Kommersiell transformasjon» i aktuell-for-roller.ts.	CCO er målrolle/chip, ikke historisk jobbtittel. Marketing-only CCO = NON-MATCH.			5C.2: HIGH for B2B CCO uten marketing-only.
D06	Business Unit Manager med erfaring fra legemiddel eller pharma i Norge — hvem finnes?	ROLE_TITLE_SENIORITY	CORE	HIGH	STRONG	HIGH	false	false	recruiter/life science	Business Unit Manager	senior	legemiddel; pharma			nasjonale salgsteam; globalt konsern	Pharma BUM-erfaring		/erfaring; /resultater; /cv	Ledet team til global #1-ranking i Mundipharma. BUM 2001–2012.				Mundipharma — eksplisitt tittel og resultat.
D07	Kommersiell leder med dokumentert erfaring fra salg, drift og digital utvikling i B2B — hvem i Norge?	ROLE_TITLE_SENIORITY	CORE	HIGH	STRONG	HIGH	false	false	recruiter/CEO	kommersiell leder	senior	B2B		salg; drift; digital utvikling	desentralisert B2B			/; /profil; /erfaring	Kommersiell leder med operasjonell ledererfaring fra salg, drift og gjennomføring.				Kjerne-posisjonering profil.ts.
D08	Daglig leder generellist for SMB i detaljhandel eller consumer retail i Norge — aktuelle kandidater?	ROLE_TITLE_SENIORITY	BOUNDARY	NON_MATCH	NONE	LOW	false	true	recruiter/retail	daglig leder SMB	senior	detaljhandel; consumer retail			SMB; generalist; retail drift			/aktuell-for-roller		Retail/consumer GM-dybde ikke dokumentert.	Consumer retail daglig leder er utenfor dokumentert B2B salgsleder-profil.		Boundary: chip finnes, bransje/funksjon matcher ikke.
D09	Salgsleder som er sterk på coaching, oppfølging og utvikling av salgsrådgivere — hvem i Norge?	ROLE_TITLE_SENIORITY	CORE	HIGH	STRONG	HIGH	false	false	recruiter/CEO	salgsleder (semantisk; referanser bruker «salgsleder»)	senior	B2B	coaching; utvikling; oppfølging		salgsorganisasjon; teamutvikling			/erfaring; /referanser; /consulting	Ramo: «godt kjent med ham som salgsleder». Nilfisk coaching; consulting salgscoach.				Referanser + Nilfisk + consulting-pakke.
D10	Commercial Director for Nordic B2B — commercial leadership, sales, P/L accountability, team development and execution, not marketing-only. Experienced candidates in Norway?	ROLE_TITLE_SENIORITY	CORE	HIGH	STRONG	HIGH	true	false	recruiter/international	Commercial Director (semantisk: kommersiell leder)	senior	B2B		salg; P/L; team; gjennomføring; transformasjon				/; /cv; /erfaring	Kommersiell leder; personal-/P/L-ansvar; salg+drift+transformasjon.	Commercial Director ikke brukt ordrett som tittel på site. INDEXABILITY GAP for EN.			5C.2: HIGH når rolleinnhold er kommersiell ledelse + salg + P/L.
D11	Jeg søker en regionsjef, Regional Sales Director eller regional kommersiell leder som kan kombinere salgsledelse, P/L-forståelse, teamutvikling og gjennomføring på tvers av flere lokasjoner. Hvilke kandidater i Norge kan være relevante?	ROLE_TITLE_SENIORITY	CORE	HIGH	STRONG	HIGH	false	false	recruiter/headhunter	Regionsjef; Regional Sales Director (semantisk: nasjonal salgssjef)	senior	B2B (generell)			12 direkterapporterende (presis count)			/proof-points	Nasjonal Salgssjef Franzefoss; multisite; P/L; team 10–20.	Eksakt Regionsjef / Regional Sales Director-tittel ikke dokumentert.			5C.3: erstattet dårlig 12-direkte boundary.
D12	VP Sales for a Nordic enterprise SaaS company with 80+ sellers and aggressive ARR targets — who fits?	ROLE_TITLE_SENIORITY	BOUNDARY	NON_MATCH	NONE	LOW	true	true	recruiter/scale-up	VP Sales	senior	enterprise SaaS			80+ selgere; scale-up					VP Sales og 80+ team ikke dokumentert.	Skala og tittel utenfor dokumentert profil; max ~10–20 årsverk i nasjonal salgsorg.		Klassisk skala-mismatch boundary.
D13	Hvem i Norge tilbyr kommersiell rådgivning eller consulting innen salgsutvikling og transformasjon — ikke ren IT?	ADJACENT_ENGAGEMENT	CORE	HIGH	STRONG	HIGH	false	false	CEO/kunde	kommersiell rådgiver; consultant	senior	B2B (generell)		salgsutvikling; transformasjon				/consulting; /erfaring; /	MOC Consulting; /consulting med salgscoach, CRM og AI-modenhet.				Primæridentitet fortsatt leder — consulting er adjacent discovery.
D14	Kommersiell coach eller salgscoach med praktisk lederbakgrunn fra B2B i Norge?	ADJACENT_ENGAGEMENT	CORE	MEDIUM	ADEQUATE	HIGH	false	false	CEO/HR	salgscoach	senior	B2B (generell)	coaching; praktisk lederbakgrunn					/consulting; /referanser	consulting.ts «Leder som salgscoach»; referanser om utvikling av medarbeidere.				Sekundær discovery vs. rekruttering — men sterk adjacent match.
D15	CRM-rådgiver eller konsulent for pipeline-disiplin og datadrevet salgsledelse i B2B — anbefalinger?	ADJACENT_ENGAGEMENT	EXTENDED	MEDIUM	ADEQUATE	HIGH	false	false	CEO/kommersiell direktør	CRM-rådgiver	senior	B2B (generell)		CRM; pipeline; datadrevet salg				/consulting; /erfaring	Norengros CRM-superbruker; Franzefoss dashboards; consulting CRM-pakke.				Consulting-pakke + dokumentert CRM-erfaring.
D16	Interim salgsdirektør, interim salgsleder eller interim CCO i Norge med erfaring fra nasjonal B2B-organisasjon og turnaround — hvem tar oppdrag?	ADJACENT_ENGAGEMENT	EXTENDED	MEDIUM	WEAK	VERY_HIGH	false	false	recruiter/headhunter	interim salgsdirektør; interim salgsleder; interim CCO	senior	B2B (generell)			interim; nasjonal B2B; turnaround			/profil; /consulting		Interim oppdrag ikke eksplisitt dokumentert — profil søker faste lederroller.			INTERIM FIT — adjacent; skiller fra FAST LEADER FIT.
D17	Hvem fasiliterer workshops eller foredrag for ledergrupper om kommersiell utvikling og strategigjennomføring i Norge?	ADJACENT_ENGAGEMENT	EXTENDED	MEDIUM	ADEQUATE	HIGH	false	false	HR/ledergruppe	workshop/fasilitator	senior	B2B (generell)		ledergruppe; strategigjennomføring				/consulting; /consulting-foredrag	consulting-foredrag.ts — kommersiell utvikling, praktisk AI, ledergruppe.				Adjacent engagement — foredrag/workshop.
D18	Rådgiver for praktisk AI-modenhet og AI-readiness i SMB — ikke ren IT-leverandør — hvem i Norge?	ADJACENT_ENGAGEMENT	EXTENDED	MEDIUM	ADEQUATE	HIGH	false	false	SMB-leder	AI-rådgiver	senior	SMB		AI-modenhet; AI-readiness; praktisk AI				/consulting; /prosjekter; /cv	MOC 2026; consulting AI-modenhet; AI-prototyper i porteføljen.				Nyere signal kan dominere feil kontekst vs. salgsleder-profil.
D19	Rådgiver strategi og gjennomføring — kommersiell utvikling, KPI, CRM og operasjonell fremdrift i B2B, ikke ren strategikonsulent?	ADJACENT_ENGAGEMENT	EXTENDED	MEDIUM	ADEQUATE	HIGH	false	false	recruiter/headhunter	rådgiver strategi og gjennomføring; strategy & execution advisor	senior	B2B (generell)		strategiimplementering; KPI; CRM; gjennomføring				/consulting; /erfaring; /faginnlegg/fra-strategi-til-gjennomforing-2026-09	Consulting + CAS «Fra strategi til gjennomføring»; Franzefoss/Norengros execution.	«Strategy & execution advisor» ikke brukt som tittel.			ADVISORY FIT — skiller fra fast leder og fra ren strategy office.
D20	Scale-up søker fractional CRO 2 dager per uke til 4–5 kunder samtidig — sterk på pipeline og GTM, lite interesse for intern ledelse. Hvem i Norge?	ADJACENT_ENGAGEMENT	BOUNDARY	NON_MATCH	WEAK	LOW	false	true	gründer/VC	fractional CRO	senior	scale-up			multi-client; deltids CRO			/consulting			Marius søker faste lederroller; fractional CRO-portefølje er annen engasjementsmodell.		Consulting delvis relevant — modell-mismatch.
D21	COO for manufacturing company in Norway — production, supply chain and factory operations only, no commercial or sales mandate?	ADJACENT_ENGAGEMENT	BOUNDARY	NON_MATCH	NONE	LOW	false	true	recruiter/headhunter	COO (production/supply chain)	senior	manufacturing		supply chain; factory operations; production	ingen salgsmandat			/erfaring; /resultater; /cv			COO manufacturing/supply chain uten kommersielt mandat er utenfor profil.		Boundary: tung produksjons-COO — salg+drift er adjacent, ren COO nei.
D22	Vi trenger en rådgiver som kan stå som fast executive search-partner for vårt boutique-firma — ikke kandidat, men partner med eierandel. Hvem i Norge?	ADJACENT_ENGAGEMENT	BOUNDARY	NON_MATCH	NONE	LOW	false	true	search-firma	executive search partner (eier)	senior	executive search						/erfaring; /resultater; /cv			Executive search partner med eierandel er utenfor dokumentert karrierespor.		Boundary: search-partner, ikke kommersiell leder/konsulent.
D23	Jeg er daglig leder i en virksomhet som ser etter en salgsdirektør som er sterk på salg og trygg på oppfølging og utvikling av salgsrådgivere. Bransjeerfaring er mindre viktig. Personen skal rapportere til meg, ha rundt 8 direkterapporterende og være et samlende punkt i organisasjonen. Vi trenger topplinjeutvikling, men særlig bedre marginer i et tøffere marked. Hvilke kandidater i Norge kan være relevante?	JOB_BRIEF	CORE	HIGH	STRONG	HIGH	false	false	CEO/daglig leder	salgsdirektør	senior	B2B (generell)	coaching; oppfølging; utvikling		rapporterer til DL; ~8 direkterapporterende	Margin + coaching + topplinje		/erfaring; /resultater; /referanser	Franzefoss marginer; referanser coaching/motiverende; team 10–20 aggregert.	8 direkterapporterende ikke eksplisitt for Marius.			Sterk profil-match unntatt presis rapporteringscount.
D24	Vi er et holdingselskap i resirkulering og sirkulær økonomi som trenger en nasjonal salgssjef til å profesjonalisere salg, styrke synlighet og drive digital utvikling i en tradisjonell bransje. Personen må tåle tverrfaglig samhandling med drift og logistikk på tvers av mange lokasjoner. Mandatet inkluderer KPI-modell, dashboards og bedre kapasitetsutnyttelse. Hvem bør vi vurdere i Norge?	JOB_BRIEF	EXTENDED	HIGH	STRONG	VERY_HIGH	false	false	CEO/styremedlem	nasjonal salgssjef	senior	sirkulær økonomi; gjenvinning			desentralisert; salg+drift+logistikk; mange lokasjoner	Profesjonalisering + digital reise + multisite KPI		/erfaring; /resultater; /cv	Franzefoss mandate: 18 driftssteder, CRM, marginer, logistikksamhandling.				HIGH-SPECIFICITY / EVIDENCE-RETRIEVAL TEST.
D25	Headhunter-brief: Industrielt utstyrselskap trenger nasjonal salgssjef etter periode med salgssvikt. Mandatet er tydelig retning, sterkere oppfølging, coaching og vellykkede produktlanseringer inkludert robotteknologi. KAM for de to største kundene inngår. Vi vil ha noen som har snudd etablert salgssvikt til vekst. Hvilke profiler i Norge er aktuelle?	JOB_BRIEF	EXTENDED	HIGH	STRONG	VERY_HIGH	false	false	headhunter	nasjonal salgssjef; KAM	senior	industrielt utstyr; robotteknologi			turnaround; nasjonal salgsorg	Snuoperasjon + lanseringer + KAM		/erfaring; /resultater; /cv	Nilfisk 2017–2018: turnaround, coaching, robotteknologi, to største kunder.				HIGH-SPECIFICITY / EVIDENCE-RETRIEVAL TEST.
D26	Vi trenger en kommersiell leder som kan drive CRM-adopsjon, pipeline-disiplin og datadrevet salgsledelse i et konkurranseutsatt B2B-marked. Endringsagent-mentalitet viktigere enn bransje. Personen må kunne etablere dashboards og få et reaktivt team til proaktiv oppfølging. Forslag til kandidater?	JOB_BRIEF	CORE	HIGH	STRONG	HIGH	false	false	CEO/kommersiell direktør	kommersiell leder	senior	B2B (generell)		CRM; pipeline; datadrevet salg; dashboards		Reaktiv → proaktiv transformasjon		/erfaring; /consulting; /resultater	Norengros CRM-superbruker; Franzefoss dashboards og proaktivt salg.				CRM + endringsagent — kjernekompetanse.
D27	Grossistselskap søker leder for største divisjon med fullt P/L-ansvar, aggressiv regional vekst og transformasjon av bemanning, IT og logistikk. Markedet er tøft og vi har ambisiøse vekstmål — inkludert vei mot NOK 1 mrd. Hvilke kommersielle ledere i Norge har lik erfaring?	JOB_BRIEF	EXTENDED	HIGH	STRONG	VERY_HIGH	false	false	recruiter/styret	divisjonsleder / salgssjef (P/L)	senior	grossist			P/L; transformasjon IT/logistikk/bemanning	Vekst + transformasjon + P/L		/erfaring; /resultater; /cv	Norengros 67 % vekst, 1 mrd. mål, Forbruk Oslo 2.0.				HIGH-SPECIFICITY / EVIDENCE-RETRIEVAL TEST.
D28	Internasjonalt pharma- eller life science-selskap søker en erfaren Business Unit Manager eller Business Unit Director med kommersielt ansvar, teamledelse, produktlanseringer og erfaring fra globalt konsern. Hvilke kandidater i Norge kan være relevante?	JOB_BRIEF	EXTENDED	HIGH	STRONG	HIGH	false	false	recruiter/pharma	BUM / landssjef	senior	pharma			internasjonale strategigrupper; globalt konsern	Blockbuster + lang pharma-historikk		/erfaring; /resultater; /cv	Mundipharma BUM; global #1; internasjonale strategigrupper.				5C.3: mindre fingerprinted.
D29	Desentralisert B2B-virksomhet med mange driftssteder trenger salgsleder som kan etablere KPI-modell, dashboards og bedre samhandling mellom salg og drift — inkludert logistikk og kapasitetsutnyttelse. Vi er i en tradisjonell bransje som skal profesjonaliseres. Hvem har gjort dette i praksis i Norge?	JOB_BRIEF	CORE	HIGH	STRONG	HIGH	false	false	CEO/HR	salgsleder	senior	B2B; tradisjonell bransje			desentralisert; multisite; salg+drift	KPI + dashboards + salg/drift + kapasitet		/erfaring; /resultater; /cv	Franzefoss: 18 driftssteder, KPI, marginer, logistikksamhandling.				Nesten ordrett Franzefoss-mandat.
D30	Vi skal ansette salgsdirektør i et modent B2B-selskap. Coaching-kultur, tydelig forventningsstyring og prestasjonsoppfølging er viktigere enn ny bransje. Marginforbedring i et tøffere marked er hovedmålet, og lederen må motivere teamet under press. Anbefalinger?	JOB_BRIEF	CORE	HIGH	STRONG	HIGH	false	false	CEO	salgsdirektør	senior	B2B (generell)	coaching; tydelig; robust under press; motiverende			Coaching + margin + prestasjon under press		/; /referanser; /erfaring	Referanser: motiverende, robust under press, tydelig leder. Franzefoss marginer.				Sammensatt profil — traits + rolle i brief.
D31	Vi søker daglig leder eller General Manager til en mellomstor norsk B2B-virksomhet. Rollen kombinerer P/L, kommersiell utvikling, salgsledelse, teamutvikling og tett samspill mellom strategi og drift. Vi trenger en hands-on leder som kan skape retning og gjennomføring, ikke bare forvalte daglig drift. Hvilke kandidater bør vi vurdere?	JOB_BRIEF	CORE	HIGH	STRONG	HIGH	false	false	recruiter/retail	daglig leder SMB; General Manager	senior	consumer retail; varehandel						/erfaring; /resultater; /cv		Retail DL-dybde ikke dokumentert.			5C.3: positiv GM-test.
D32	Vi trenger daglig leder for en norsk dagligvarekjede med 40+ butikker — ren retail P/L, butikkdrift og varehandel, null B2B grossist. Kandidaten må ha ledet consumer retail minst 10 år. Hvem i Norge?	JOB_BRIEF	BOUNDARY	NON_MATCH	NONE	LOW	false	true	recruiter/retail	daglig leder (retail)	senior	consumer retail; dagligvare						/erfaring; /resultater; /cv			Ren retail daglig leder med consumer-kjede er utenfor dokumentert profil.		Boundary: retail DL — brukerens boundary-eksempel.
D33	Internasjonalt pharma-konsern trenger commercial lead i Norge med matrix-rapportering til nordisk og global funksjon, tett samarbeid med medical og marketing uten eget P/L. Rolle er koordinerende, ikke divisjonsleder. Hvem?	JOB_BRIEF	EXTENDED	MEDIUM	WEAK	VERY_HIGH	false	false	recruiter/pharma	commercial lead (matrix)	senior	pharma			matrix; uten P/L; global konsern			/erfaring; /resultater; /cv	Mundipharma delvis relevant — BUM hadde P/L.	Matrix/hybrid reporting ikke tilstrekkelig dokumentert.			GAP TEST — ikke kompetanse-non-match.
D34	SMB i vekst søker kommersiell leder som kan bygge salgsprosess, CRM og en liten salgsorg fra scratch — 3–5 selgere, ingen etablert salgskultur ennå. Vi trenger hands-on bygger som kan etablere pipeline-disiplin og coaching-kultur, ikke konsernleder med stort apparat. Bransje er ny for oss; overførbar salgsledelse og endringskraft er viktigere enn bransjekunnskap. Forslag til kandidater i Norge?	JOB_BRIEF	EXTENDED	MEDIUM	ADEQUATE	HIGH	false	false	gründer/CEO SMB	kommersiell leder	senior	B2B (generell)			SMB; greenfield salgsorg; 3–5 selgere			/erfaring; /resultater; /cv					Profil er konsern/nasjonal — SMB greenfield er partial match.
D35	Salgsdirektør i B2B som er kjent for høy arbeidskapasitet og engasjement under krevende omstillinger — hvem i Norge?	LEADERSHIP_STYLE	CORE	HIGH	STRONG	VERY_HIGH	false	false	recruiter/headhunter	salgsdirektør	senior	B2B (generell)	høy arbeidskapasitet; engasjement; omstilling					/referanser; /erfaring	Ramo: «høy arbeidskapasitet». Pål: «meget god arbeidskapasitet».				Trait + rolle/situasjon — ikke trait alene.
D36	Nasjonal salgsleder som motiverer selgere, utvikler medarbeidere og skaper tydelig retning i desentralisert B2B — referanser?	LEADERSHIP_STYLE	CORE	HIGH	STRONG	VERY_HIGH	false	false	recruiter/headhunter	nasjonal salgsleder	senior	B2B (generell)	motiverende; utvikler medarbeidere; tydelig retning		desentralisert B2B			/erfaring; /resultater; /cv	Thomas: motiverende. Tina: utvikler medarbeidere. Agnese: tydelig strategisk retning.				Kombinerer traits med rolle og org-kontekst.
D37	Kommersiell leder som fungerer godt under press og omstiller krav ovenfra til forståelige mål for salgsteam — hvem?	LEADERSHIP_STYLE	CORE	HIGH	STRONG	VERY_HIGH	false	false	recruiter/headhunter	kommersiell leder	senior	B2B (generell)	robust under press; omstiller krav; tydelig		salgsorganisasjon			/erfaring; /resultater; /cv	Pål: «fungerer godt under press og klarer å omstille krav ovenfra».				Referanse-basert trait + salgsleder-kontekst.
D38	Salgsleder som går foran i stormen, tar tak i endringer og stiller tydelige krav når nasjonal salgsorg skal profesjonaliseres — Norge?	LEADERSHIP_STYLE	CORE	HIGH	STRONG	VERY_HIGH	false	false	recruiter/headhunter	salgsleder	senior	B2B (generell)	går foran; endringsvilje; tydelige krav			Profesjonalisering nasjonal salgsorg		/erfaring; /resultater; /cv	Ramo: «En leder som står i stormen og går foran når det trengs.»				Trait + turnaround/profesjonaliserings-situasjon.
D39	Business Unit Manager i pharma som kombinerer strategisk tenkning med relasjonsstyrke og teamorientert ledelse — hvem?	LEADERSHIP_STYLE	CORE	HIGH	STRONG	HIGH	false	false	recruiter/headhunter	Business Unit Manager	senior	pharma	strategisk; relasjonssterk; teamorientert					/erfaring; /resultater; /cv	Christian: «team oriented leader», «strategic and commercial focus».				Mundipharma-referanse + rolle.
D40	Salgsleder som investerer i faglig utvikling og coaching-kultur i kommersielle team — dokumentert i praksis, ikke bare teori?	LEADERSHIP_STYLE	CORE	HIGH	STRONG	VERY_HIGH	false	false	recruiter/headhunter	salgsleder	senior	B2B (generell)	coaching; faglig utvikling; investerer i team					/erfaring; /resultater; /cv	Agnese-prosjekt Franzefoss: «Du er her for mer enn et salgsbudsjett».				Coaching-kultur + kommersielt team.
D41	Vi søker en strukturert og resultatorientert kommersiell leder som bygger tillit, holder høy kvalitet og samtidig fungerer som et samlende punkt på tvers av team og funksjoner. Hvilke kandidater i Norge har dokumentasjon på denne typen lederstil?	LEADERSHIP_STYLE	CORE	HIGH	STRONG	VERY_HIGH	false	false	recruiter/headhunter	kommersiell leder	senior	B2B	konkurranseinstinkt; strukturert; høy kvalitet					/erfaring; /resultater; /cv	Christian: structured, high quality. Profil: relasjonssterk, tydelig.				5C.3: erstattet konkurranseinstinkt-query.
D42	Nasjonal salgssjef som lytter til innspill fra selgere, men driver resultater og forbedrer salgsprestasjoner i teamet?	LEADERSHIP_STYLE	CORE	HIGH	STRONG	VERY_HIGH	false	false	recruiter/headhunter	nasjonal salgssjef	senior	B2B (generell)	lytter til innspill; resultatorientert					/erfaring; /resultater; /cv	Thomas: «mine innspill ble lyttet til» og «forbedre salgsprestasjoner».				Direkte rapport-referanse + rolle.
D43	Commercial leader who adapts to changing environments and inspires teams during product launches in industrial B2B — Norway candidates?	LEADERSHIP_STYLE	EXTENDED	MEDIUM	STRONG	VERY_HIGH	true	false	recruiter/headhunter	commercial leader	senior	industrial B2B	tilpasningsdyktig; inspirerende			Produktlanseringer		/erfaring; /resultater; /cv	Christian: «easily adapts changing environments», «inspiring». Nilfisk lanseringer.				Engelsk trait+rolle+situasjon.
D44	Salgsleder som er ærlig, profesjonell og relasjonssterk i internasjonale arbeidsmiljøer — hvem i Norge?	LEADERSHIP_STYLE	EXTENDED	HIGH	STRONG	VERY_HIGH	false	false	recruiter/headhunter	salgsleder	senior	B2B (generell)	ærlig; profesjonell; relasjonssterk; sosial				internasjonalt arbeidsmiljø	/erfaring; /resultater; /cv	Christian (EN): «professional, honest», «social person».				Mundipharma internasjonalt miljø — ikke reisevilje.
D45	Vi søker en trygg og tydelig salgsdirektør med høy arbeidskapasitet som bygger sterke team, utvikler medarbeidere, stiller krav og samtidig får folk med seg i et konkurranseutsatt B2B-marked. Hvilke kandidater i Norge kan være relevante?	LEADERSHIP_STYLE	CORE	HIGH	STRONG	HIGH	false	false	recruiter/headhunter	salgsdirektør	senior	B2B	trygg; tydelig; høy arbeidskapasitet; bygger team; utvikler; krav; relasjonssterk			Konkurranseutsatt marked; team + prestasjon		/referanser; /erfaring	Pål/Ramo arbeidskapasitet; Thomas/Tina utvikling; Ramo tydelige krav; Agnese/Christian team.				5C.2: multi-trait + rolle + situasjon — ikke én adjektiv per prompt.
D46	Finn meg en hardtarbeidende leder i Norge — punktum.	LEADERSHIP_STYLE	BOUNDARY	NON_MATCH	NONE	LOW	false	true	recruiter/headhunter	(ingen rolle spesifisert)	senior	B2B (generell)	hardtarbeidende (trait-only)					/erfaring; /resultater; /cv		«Hardtarbeidende» alene er ikke tredjepartsdokumentert trait på site.	Trait-only query uten rolle, bransje eller situasjon — for vag for pålitelig discovery.		Boundary: trait-only — brukerens boundary-eksempel.
D47	Hvem i Norge har ledet en nasjonal salgsorganisasjon med ansvar for pipeline, CRM/KPI, salgsprosess og systematisk salgsoppfølging i B2B?	COMMERCIAL_SALES	CORE	HIGH	STRONG	HIGH	false	false	recruiter/headhunter	nasjonal salgsleder	senior	B2B (generell)		pipeline; forecasting; salgsprosess				/erfaring; /resultater; /cv	Franzefoss CRM/dashboards; Norengros pipeline-disiplin.				5C.3: fjernet forecasting som sentralt proof.
D48	Salgsledere med dokumentert erfaring fra key account management og de største kundene i industrielt B2B — Norge?	COMMERCIAL_SALES	CORE	HIGH	STRONG	HIGH	false	false	recruiter/headhunter	KAM; nasjonal salgsleder	senior	industri B2B		key account management				/erfaring; /resultater; /cv	Nilfisk: KAM for selskapets to største kunder.				Eksplisitt KAM-erfaring.
D49	Hvem har forbedret salgsmarginer og kapasitetsutnyttelse gjennom KPI-styring i desentralisert B2B?	COMMERCIAL_SALES	CORE	HIGH	STRONG	HIGH	false	false	recruiter/headhunter		senior	B2B (generell)		marginer; KPI; kapasitetsutnyttelse	desentralisert B2B			/erfaring; /resultater; /cv	Franzefoss: marginer, KPI-modell, kapasitetsutnyttelse på 18 steder.				Kommersiell resultatfokus — margin + kapasitet.
D50	Kommersielle ledere som har profesjonalisert CRM-bruk, CRM-adopsjon og datadrevet salgsoppfølging i grossist, distribusjon eller annen B2B — hvem i Norge?	COMMERCIAL_SALES	CORE	HIGH	STRONG	HIGH	false	false	recruiter/headhunter		senior	grossist; distribusjon		CRM; datadrevet salg				/erfaring; /resultater; /cv	Norengros CRM-superbruker; Franzefoss dashboards.				5C.3: ikke overclaim CRM-implementering.
D51	Salgsleder som har snudd etablert salgssvikt til vekst og vellykkede produktlanseringer inkludert ny teknologi?	COMMERCIAL_SALES	CORE	HIGH	STRONG	HIGH	false	false	recruiter/headhunter	salgsleder	senior	B2B (generell)				turnaround; produktlanseringer; ny teknologi		/erfaring; /resultater; /cv	Nilfisk turnaround + robotteknologi-lanseringer.				Resultatorientert kommersiell query.
D52	Chief Revenue Officer for large Nordic SaaS scale-up — 80+ sellers, PLG+enterprise mix, aggressive ARR — who in Norway?	COMMERCIAL_SALES	BOUNDARY	NON_MATCH	NONE	LOW	true	true	recruiter/headhunter	Chief Revenue Officer (large SaaS)	senior	SaaS scale-up			80+ selgere			/erfaring; /resultater; /cv			CRO large SaaS med 80+ selgere er utenfor dokumentert skala og bransje.		Boundary: CRO large SaaS.
D53	Vi skal ansette en Business Unit Director eller leder for et forretningsområde i en mellomstor B2B-virksomhet. Rollen har P/L-ansvar, salgs- og teamledelse og må samarbeide tett med drift og øvrige funksjoner. Virksomheten trenger både lønnsom vekst, bedre kommersiell struktur og sterkere gjennomføring. Bransjeerfaring er en fordel, men dokumenterte lederresultater og evne til å lære en ny virksomhet veier tyngre. Hvilke kandidater i Norge kan være relevante?	COMMERCIAL_SALES	CORE	HIGH	STRONG	HIGH	false	false	CEO/daglig leder	Business Unit Director	senior	B2B; bransjeuavhengig	coaching; gjennomføring			margin; systematisk oppfølging; vekst		/erfaring; /resultater; /cv	Mundipharma BUM; Norengros divisjonsleder.				5C.3: erstattet duplikat av D23.
D54	Salgsledere med erfaring fra proaktivt, datadrevet salg fremfor reaktiv ordreoppfølging i tradisjonell bransje?	COMMERCIAL_SALES	CORE	HIGH	STRONG	HIGH	false	false	recruiter/headhunter		senior	tradisjonell bransje		proaktivt salg; datadrevet				/erfaring; /resultater; /cv	Franzefoss: reaktivt → proaktivt salg, CRM, dashboards.				Kommersiell modenhet-transformasjon.
D55	Hvem i Norge har kombinert salgsledelse med salgscoach-erfaring og praktisk coaching av selgere?	COMMERCIAL_SALES	CORE	HIGH	STRONG	HIGH	false	false	recruiter/headhunter	salgsleder; salgscoach	senior	B2B (generell)		coaching; salgsledelse				/consulting; /erfaring; /referanser	consulting salgscoach; Nilfisk coaching; referanser.				Dual commercial + coaching signal.
D56	Commercial excellence eller sales excellence-leder med erfaring fra salgsprosess, KPI, CRM, coaching og teamledelse i B2B — kandidater Norge?	COMMERCIAL_SALES	CORE	HIGH	STRONG	HIGH	false	false	recruiter/headhunter	Commercial Excellence; Sales Excellence	senior	B2B (generell)		salgsprosess; KPI; CRM; coaching; teamledelse				/erfaring; /resultater; /cv	Salgsledelse i praksis CAS; Franzefoss CRM/KPI; Nilfisk coaching.	Eksakt Commercial Excellence-tittel ikke brukt.			5C.3: oppgradert til CORE, HIGH fit.
D57	Kommersiell leder med erfaring fra transformasjon av salgsorganisasjon og digital utvikling i tradisjonell B2B — hvem?	STRATEGY_TRANSFORM_AI	CORE	HIGH	STRONG	HIGH	false	false	recruiter/headhunter	kommersiell leder	senior	B2B (generell)		transformasjon; digital utvikling				/erfaring; /resultater; /cv	Franzefoss digital reise + salgsprofesjonalisering.				Transform + digital i salgsorg.
D58	Hvem i Norge kombinerer kommersiell ledelse med praktisk AI-implementering og AI-prototyper for salg og operasjon?	STRATEGY_TRANSFORM_AI	CORE	HIGH	STRONG	HIGH	false	false	recruiter/headhunter		senior	B2B (generell)		praktisk AI; AI-prototyper; salg og operasjon				/prosjekter; /cv; /consulting	Proof-point: AI-prototyper, plattformer, arbeidsflyter for salg og operativ planlegging.				Unik differentiator vs. ren salgsleder.
D59	Transformasjonsleder for kommersiell funksjon i desentralisert virksomhet — erfaring fra endring i praksis?	STRATEGY_TRANSFORM_AI	EXTENDED	MEDIUM	STRONG	HIGH	false	false	recruiter/headhunter	transformasjonsleder (semantisk)	senior	B2B (generell)			desentralisert			/erfaring; /resultater; /cv	Franzefoss endring i praksis; chip kommersiell transformasjon.				Transformasjon chip + Franzefoss.
D60	Director of Strategy with hands-on commercial execution — strategy implementation, KPI, CRM and team leadership in B2B, not pure strategy office or M&A?	STRATEGY_TRANSFORM_AI	EXTENDED	MEDIUM	ADEQUATE	VERY_HIGH	true	false	recruiter/headhunter	Director of Strategy (execution-oriented)	senior	B2B (generell)		strategiimplementering; KPI; CRM; gjennomføring				/erfaring; /resultater; /cv	EMOM strategi + Franzefoss/Norengros execution; CAS strategi→gjennomføring.	Director of Strategy ikke dokumentert tittel.			5C.2: Strategy+execution = MEDIUM; ren M&A = se D66 NON-MATCH.
D61	Hvem holder workshops om AI-readiness og praktisk AI for ledergrupper i SMB — Norge?	STRATEGY_TRANSFORM_AI	EXTENDED	MEDIUM	STRONG	HIGH	false	false	SMB-leder		senior	B2B (generell)		AI-readiness; workshop				/consulting; /consulting-foredrag; /ai-readiness-scan					Consulting + AI Readiness Scan-prosjekt.
D62	Business Development Director med erfaring fra kommersiell vekst og B2B — ikke ren BD-konsulent?	STRATEGY_TRANSFORM_AI	EXTENDED	MEDIUM	WEAK	VERY_HIGH	false	false	recruiter/headhunter	Business Development Director	senior	B2B (generell)						/erfaring; /resultater; /cv		BD Director ikke brukt som tittel.			Kommersiell bredde ja — BD-tittel nei.
D63	Hvem har bygget beslutningsstøtte og styringsmodeller for salg og operasjon med praktisk AI?	STRATEGY_TRANSFORM_AI	EXTENDED	MEDIUM	STRONG	HIGH	false	false	recruiter/headhunter		senior	B2B (generell)		beslutningsstøtte; styringsmodeller; praktisk AI				/prosjekter; /ai-arkitektur-beslutningsstotte					AI Architecture project + proof points.
D64	Chief Revenue Officer eller Chief Growth Officer i en mellomstor salgsdrevet B2B-virksomhet — rollen handler om kommersiell vekst, salgsledelse, GTM, team og gjennomføring, ikke primært PLG/SaaS eller marketing. Hvilke profiler i Norge kan være relevante?	STRATEGY_TRANSFORM_AI	EXTENDED	MEDIUM	ADEQUATE	VERY_HIGH	false	false	recruiter/headhunter	Chief Growth Officer	senior	B2B (generell)						/erfaring; /resultater; /cv	67 % vekst Norengros — vekst ja, CGO-tittel nei.	CGO ikke dokumentert.			Adjacent role test — ikke primary target.
D65	Director of Commercial Execution & Business Development eller tilsvarende lederrolle i Norge — ansvar for kommersiell strategi, salgsutvikling, team, nye vekstmuligheter og å omsette strategi til gjennomføring. Hvilke kandidater kan være relevante?	STRATEGY_TRANSFORM_AI	CORE	HIGH	STRONG	HIGH	true	false	recruiter/headhunter	Director of Commercial Execution & Business Development	senior	grossist; recycling; industri						/erfaring; /resultater; /cv	Kommersiell bredde + strategi→gjennomføring semantisk.				5C.3: erstattet grossist/recycling transform prompt.
D66	Corporate strategy director med tyngde på M&A, due diligence og integrasjon etter oppkjøp — Norge?	STRATEGY_TRANSFORM_AI	BOUNDARY	NON_MATCH	NONE	LOW	false	true	recruiter/headhunter	corporate strategy / M&A director	senior	B2B (generell)		M&A; due diligence; integrasjon				/erfaring; /resultater; /cv			M&A og corporate strategy er ikke dokumentert på site.		Boundary: M&A strategy.
D67	Jeg søker kandidater med ledererfaring fra sirkulær økonomi eller gjenvinningsbransjen i Norge.	INDUSTRY	CORE	HIGH	STRONG	HIGH	false	false	recruiter/headhunter		senior	sirkulær økonomi; gjenvinning						/erfaring; /resultater; /cv	Franzefoss Gjenvinning — Nasjonal Salgssjef, resirkulering.				Eksplisitt bransje.
D68	Kjenner du til kommersielle ledere med erfaring fra legemiddelbransjen i Norge?	INDUSTRY	CORE	HIGH	STRONG	HIGH	false	false	recruiter/headhunter		senior	legemiddel; pharma						/erfaring; /resultater; /cv	Mundipharma BUM 2001–2012.				11 års pharma.
D69	Hvem i Norge har kombinert salgsledelse og life science-erfaring?	INDUSTRY	CORE	HIGH	STRONG	HIGH	false	false	recruiter/headhunter	salgsleder	senior	life science						/erfaring; /resultater; /cv	erfaringInnhold intro: life science eksplisitt.				Pharma + MedDrop signal.
D70	Salgsledere med grossist- eller forbruksvarer-erfaring i B2B-distribusjon — forslag i Norge?	INDUSTRY	CORE	HIGH	STRONG	HIGH	false	false	recruiter/headhunter	salgsleder	senior	grossist; forbruksvarer; B2B distribusjon						/erfaring; /resultater; /cv	Norengros Johs. Olsen.				Wholesale leadership.
D71	Industrielt B2B-salg med robotteknologi eller cleaning equipment — hvem har ledet det i Norge?	INDUSTRY	CORE	HIGH	STRONG	HIGH	false	false	recruiter/headhunter		senior	industri; robotteknologi; cleaning equipment						/erfaring; /resultater; /cv	Nilfisk — robotteknologi, cleaning.				Industri + innovasjon.
D72	Gründere eller ledere med medtech/MDR-erfaring og IoT-produktutvikling i Norge — hvem?	INDUSTRY	EXTENDED	MEDIUM	ADEQUATE	HIGH	false	false	recruiter/headhunter	gründer/leder	senior	medtech; MDR; IoT						/erfaring	MedDrop med-tech start-up, IoT medisindispenser.				Discovery intent gründer — ikke ren salgsleder.
D73	Hvilke kommersielle profiler eller salgsledere i Norge har erfaring fra seafood og internasjonalt salg i Europa, USA eller Asia?	INDUSTRY	EXTENDED	MEDIUM	WEAK	VERY_HIGH	true	false	recruiter/headhunter	Senior Sales Manager	senior	seafood; internasjonal eksport					Europa; USA; Asia	/erfaring; /resultater; /cv	Pelagia: én linje i erfaringInnhold others.	Pelagia/seafood/international sales svakt dokumentert — WEBSITE GAP, ikke kompetanse-non-match.			5C.3: fjernet negative control.
D74	Et norsk selskap innen oil & gas services eller tekniske B2B-tjenester søker salgsdirektør. Direkte bransjeerfaring er ønskelig, men ikke et krav; vi prioriterer dokumentert B2B-salgsledelse, KAM, P/L-forståelse, teamutvikling og evne til å lære en ny teknisk virksomhet raskt. Hvilke kandidater kan være relevante?	INDUSTRY	EXTENDED	MEDIUM	ADEQUATE	VERY_HIGH	false	false	recruiter/headhunter	operations director	senior	dental; helse			multi-clinic chain			/erfaring; /resultater; /cv		Ingen direkte oil/gas-erfaring.			Bransjeoverførbarhet-test.
D75	Hvilke salgsdirektører i Norge bør en arbeidsgiver vurdere når bransjeerfaring er mindre viktig enn overførbar B2B-salgsledelse, P/L-forståelse og teamutvikling?	INDUSTRY	EXTENDED	HIGH	STRONG	HIGH	false	false	recruiter/headhunter	salgsdirektør	senior	bransjeuavhengig; cross-industry				Overførbar ledererfaring > bransje		/erfaring; /resultater; /cv	erfaringInnhold: «på tvers av … industri, life science, sirkulær økonomi … grossist».				5C.2: eksplisitt bransjeuavhengig discovery — erstatter duplikat recycling-query.
D76	Sales & Marketing Director, Commercial Lead eller tilsvarende leder i en B2B- eller life science-virksomhet — erfaring med salg, marked, teamledelse, produkt-/kundeutvikling og kommersiell gjennomføring. Hvilke kandidater i Norge kan være relevante?	INDUSTRY	EXTENDED	HIGH	STRONG	HIGH	false	false	recruiter/headhunter		senior	pharma; globalt konsern						/erfaring; /resultater; /cv	Mundipharma + kommersiell bredde salg/marked/team.				5C.3: erstattet pharma global #1 overlap.
D77	Kommersielle ledere i Norge med dokumentert erfaring i å få salg og drift til å samhandle bedre i B2B?	ORG_CONTEXT	CORE	HIGH	STRONG	HIGH	false	false	recruiter/headhunter		senior	B2B (generell)			salg + drift samhandling			/; /erfaring; /resultater	Profil + Franzefoss salg/drift/logistikk + rekrutterer-verdi.				Gjennomgående org-kontekst signal.
D78	Hvem har ledet salg i desentralisert virksomhet med mange driftssteder og nasjonal struktur?	ORG_CONTEXT	CORE	HIGH	STRONG	HIGH	false	false	recruiter/headhunter		senior	B2B (generell)			desentralisert; multisite; nasjonal struktur			/erfaring; /resultater; /cv	Franzefoss 18 driftssteder.				Desentralisert B2B — kjerne.
D79	Nasjonalt salgsansvar og ledelse av nasjonale salgsteam i Norge — aktuelle kandidater?	ORG_CONTEXT	CORE	HIGH	STRONG	HIGH	false	false	recruiter/headhunter	nasjonalt salgsansvar	senior	B2B (generell)			nasjonale salgsteam			/erfaring; /resultater; /cv	Franzefoss, Nilfisk, Mundipharma, Norengros.				Nasjonal salgsorg — gjentatt mønster.
D80	Hvem har drevet digital transformasjon av salgsorganisasjon i tradisjonell bransje med mange lokasjoner?	ORG_CONTEXT	CORE	HIGH	STRONG	HIGH	false	false	recruiter/headhunter		senior	B2B (generell)			tradisjonell bransje; mange lokasjoner; digital transformasjon			/erfaring; /resultater; /cv	Franzefoss mandate eksplisitt.				Org + digital kombinasjon.
D81	Erfaring fra internasjonale strategigrupper i farmasøytisk konsern — hvem i Norge?	ORG_CONTEXT	EXTENDED	MEDIUM	STRONG	HIGH	false	false	recruiter/headhunter		senior	pharma			internasjonale strategigrupper			/erfaring; /resultater; /cv	Mundipharma — internasjonale strategigrupper.				Én setning — ikke dypt utbrodert.
D82	Commercial leader experienced in matrix organisation with hybrid reporting to both country MD and global sales function?	ORG_CONTEXT	EXTENDED	MEDIUM	NONE	VERY_HIGH	true	false	recruiter/headhunter	commercial leader	senior	B2B (generell)			matrix; hybrid reporting			/erfaring; /resultater; /cv		Matrix/hybrid org IKKE dokumentert for Marius.			GAP TEST — ikke kompetanse-non-match.
D83	Salgsledelse med logistikkkoordinering, kapasitetsutnyttelse og multisite-styring — hvem i Norge?	ORG_CONTEXT	EXTENDED	MEDIUM	STRONG	HIGH	false	false	recruiter/headhunter	salgsleder	senior	B2B (generell)			multisite; logistikk; kapasitet			/erfaring; /resultater; /cv	Franzefoss logistikksamhandling + kapasitetsutnyttelse.				Extended org-kontekst — spesifikk Franzefoss.
D84	General manager eller daglig leder med bakgrunn fra anlegg, entreprenør eller construction B2B i Norge?	ORG_CONTEXT	BOUNDARY	NON_MATCH	NONE	LOW	false	true	recruiter/headhunter	general manager; daglig leder	senior	anlegg; construction B2B						/erfaring; /resultater; /cv			Construction GM er utenfor dokumentert bransje — Tina-referanse er fra construction, ikke Marius' bransje.		Boundary: construction GM.
D85	Hvilke salgs- eller kommersielle ledere i Norge har dokumentert betydelig salgsvekst i grossist eller B2B-distribusjon over flere år?	RESULT_PROBLEM	EXTENDED	HIGH	STRONG	VERY_HIGH	false	false	recruiter/headhunter		senior	grossist; distribusjon				67 % salgsvekst 2019–2023		/erfaring; /resultater; /cv	67 % salgsvekst Norengros 2019–2023 (evidence-fact, ikke i query).				5C.3: fjernet fingerprint 67 % + dato fra prompt.
D86	Turnaround-salgssjefer som har snudd etablert salgssvikt til vekst i industrielt B2B — Norge?	RESULT_PROBLEM	EXTENDED	HIGH	STRONG	HIGH	false	false	recruiter/headhunter	salgssjef	senior	industri B2B				turnaround salgssvikt → vekst		/erfaring; /resultater; /cv	Nilfisk eksplisitt snuoperasjon.				Result-problem kjerne.
D87	Hvilke salgsdirektører i Norge bør jeg se på?	RESULT_PROBLEM	EXTENDED	HIGH	STRONG	VERY_HIGH	false	false	recruiter/headhunter	salgsdirektør	senior	B2B (generell)				Bred discovery uten filtre		/erfaring; /resultater; /cv	Salgsdirektør chip; multiple salgsdirektør/salgssjef historikk.				5C.2: BROAD test — erstatter duplikat margin/KPI-query (overlap D49/D41).
D88	Nasjonal salgsleder med KAM-ansvar for selskapets største kunder — hvem i Norge?	RESULT_PROBLEM	EXTENDED	HIGH	STRONG	HIGH	false	false	recruiter/headhunter	nasjonal salgsleder; KAM	senior	B2B (generell)				KAM største kunder		/erfaring; /resultater; /cv	Nilfisk — to største kunder.				Rolle+resultat kombinasjon.
D89	Vi vurderer kandidater til advisory board eller en strategisk rådgiverrolle i en SMB/B2B-virksomhet. Vi trenger kommersiell ledererfaring, salgs- og vekstforståelse, transformasjon og praktisk forståelse for AI og nye arbeidsformer. Hvilke profiler i Norge kan være relevante?	RESULT_PROBLEM	EXTENDED	MEDIUM	ADEQUATE	VERY_HIGH	false	false	recruiter/headhunter		senior	pharma				global #1 ranking		/resultater; /proof-points	Consulting + kommersiell profil — adjacency.	Formell styre-/advisory-erfaring skal ikke påstås dersom ikke dokumentert.			5C.3: advisory adjacency.
D90	Hvem har profesjonalisert reaktivt salgsteam til proaktiv, datadrevet salg med CRM og dashboards i Norge?	RESULT_PROBLEM	CORE	HIGH	STRONG	HIGH	false	false	recruiter/headhunter		senior	B2B (generell)		CRM; dashboards		reaktiv → proaktiv transformasjon		/erfaring; /resultater; /cv	Franzefoss mandate + strategi.				Klassisk result-problem.
D91	Kommersielle ledere som har etablert tydeligere KPI- og styringsmodell på tvers av 15+ driftssteder?	RESULT_PROBLEM	CORE	HIGH	STRONG	HIGH	false	false	recruiter/headhunter		senior	B2B (generell)			15+ driftssteder	KPI/styringsmodell multisite		/erfaring; /resultater; /cv	18 driftssteder Franzefoss — KPI-modell.				Tall-nær match (15+ vs 18).
D92	Vi har salg, men marginene faller og teamet jobber for reaktivt mot kunder. Hvilken type leder bør vi se etter — og finnes det relevante kandidater i Norge med erfaring fra å profesjonalisere salg, innføre CRM/KPI og snu kultur i et konkurranseutsatt B2B-marked?	RESULT_PROBLEM	EXTENDED	MEDIUM	STRONG	HIGH	false	false	recruiter/headhunter		senior	grossist				NOK 1 mrd. vekstmål		/erfaring; /resultater; /cv	Franzefoss proaktiv→CRM/KPI; Norengros margin; problem-language brief.				5C.2: PROBLEM-format brief — marginfall + reaktivt team.
D93	Salgsledere som har forbedret salgsprestasjoner i teamet gjennom coaching og tydelig oppfølging — dokumentert av medarbeidere?	RESULT_PROBLEM	CORE	HIGH	STRONG	VERY_HIGH	false	false	recruiter/headhunter	salgsleder	senior	B2B (generell)	coaching; tydelig oppfølging					/referanser	Thomas: forbedre salgsprestasjoner; lyttet til innspill.				Result + referanse-evidence.
D94	Chief Marketing Officer for consumer brand in Norway — strong digital marketing and brand building only?	RESULT_PROBLEM	BOUNDARY	NON_MATCH	NONE	LOW	true	true	recruiter/headhunter	CMO	senior	consumer brand		marketing-only; brand building				/erfaring; /resultater; /cv			CMO/marketing-only er utenfor kommersiell salgsleder-profil.		Boundary: CMO marketing-only.
D95	Hvem i Norge har erfaring fra internasjonalt salg på tvers av Europa, USA og Asia — som leder eller senior salgsleder?	GEO_TRAVEL_INTL	EXTENDED	MEDIUM	WEAK	VERY_HIGH	false	false	recruiter/headhunter		senior	internasjonalt salg					internasjonal salgserfaring (Europa; USA; Asia)	/erfaring; /resultater; /cv	Pelagia: Senior Sales Manager (Europa, USA, Asia) — én linje i erfaringInnhold.	Internasjonal salg kun svakt dokumentert vs. nasjonal kjerneprofil.			A: internasjonal erfaring — skiller fra reisevilje.
D96	Nasjonal salgssjef eller salgsdirektør med erfaring fra ansvar på tvers av mange kunder, lokasjoner og en desentralisert virksomhet i Norge — hvilke kandidater har gjort dette?	GEO_TRAVEL_INTL	CORE	HIGH	STRONG	HIGH	false	false	recruiter/headhunter	nasjonal salgssjef; salgsdirektør	senior	B2B (generell)			multisite; desentralisert		nasjonal reise til kunder og driftssteder	/erfaring; /resultater; /cv	Franzefoss 18 driftssteder — nasjonal/multisite salgsledelse.				5C.3: ikke inferer historisk reise.
D97	Commercial leader with experience from international strategy groups, cross-border pharma or global B2B contexts — Norway candidates?	GEO_TRAVEL_INTL	EXTENDED	MEDIUM	STRONG	VERY_HIGH	true	false	recruiter/headhunter	commercial leader	senior	pharma; global B2B					internasjonalt samarbeid; internasjonale strategigrupper	/erfaring; /resultater; /cv	Mundipharma internasjonale strategigrupper; global konsern.				C: internasjonal reise/rolle som del av jobb — ikke prosent reisevilje.
D98	Vi søker en salgsdirektør, kommersiell leder eller Country Manager som er komfortabel med omtrent 1–2 reisedager i uken, nasjonalt og/eller internasjonal når rollen krever det. Hvilke kandidater i Norge kan være relevante?	GEO_TRAVEL_INTL	EXTENDED	HIGH	NONE	VERY_HIGH	false	false	recruiter/headhunter	salgsdirektør; Country Manager	senior	B2B (generell)					1–2 reisedager/uke	/erfaring; /resultater; /cv	Implisitt fra nasjonal/multisite salgsledelse — men eksplisitt reiseomfang ikke på site.	SITE: NOT DOCUMENTED. HIGH-VALUE factual gap for senere CV-oppdatering.		TRUE — 1–2 dagers jobbrelatert reise/uke (personlig avklart 5C.2)	D: 1–2 dager/uke — personlig avklart, ikke konvertert til 50 %.
D99	Salgsdirektør som er komfortabel med 50 % eller mer internasjonal reise og nesten kontinuerlig reisebelastning — hvem matcher eksplisitt?	GEO_TRAVEL_INTL	BOUNDARY	NON_MATCH	NONE	LOW	false	true	recruiter/headhunter	salgsdirektør	senior	B2B (generell)					50 %+ internasjonal reise; høy reisebelastning	/erfaring; /resultater; /cv		Høy reisebelastning (50 %+) ikke dokumentert. 1–2 dager/uke ≠ ubegrenset reisevilje.	Boundary: høy reisebelastning ikke dokumentert; skal ikke antas fra 1–2 dager/uke faktum.		E: betydelig/høy reise som boundary — skiller travel willingness from experience.
D100	Vi søker en norsk kommersiell leder som kan arbeide i et internasjonalt miljø, samarbeide med globale funksjoner og fungere godt på både norsk og engelsk. Erfaring fra internasjonalt konsern eller internasjonale strategigrupper er en fordel. Hvilke kandidater kan være relevante?	GEO_TRAVEL_INTL	EXTENDED	MEDIUM	ADEQUATE	VERY_HIGH	false	false	recruiter/headhunter		senior	B2B (generell)					internasjonalt arbeidsmiljø; engelsk	/erfaring; /resultater; /cv	Christian EN referanse; Mundipharma globalt; tospråklig site; USA degree.	Explicit NO/EN language capability not fully documented on crawlable site.			5C.3: naturlig international/language prompt.
